flaeche_m2;personen;FL_m3h;RL_m3h;NL_m3h;IL_m3h
80;2;18;98;140;182
80;4;18;98;140;182
80;6;18;126;180;234
100;2;21;98;140;182
100;4;21;98;140;182
100;6;21;126;180;234
120;2;24;98;140;182
120;4;24;98;140;182
120;6;24;126;180;234
140;2;27;98;140;182
140;4;27;98;140;182
140;6;27;126;180;234
160;2;29;101;144;187
160;4;29;101;144;187
160;6;29;126;180;234
180;2;31;107;153;199
180;4;31;107;153;199
180;6;31;126;180;234
200;2;32;113;161;209
200;4;32;113;161;209
200;6;32;126;180;234
220;2;33;117;167;217
220;4;33;117;167;217
220;6;33;126;180;234
240;2;34;120;172;223
240;4;34;120;172;223
240;6;34;126;180;234
